Concurrency,QPS,P50,P99,P99_0,P99_0,P99_1,P99_1,P99_2,P99_2
1,246.52,4.1,5.0,,,,,,
2,498.21,4.0,5.5,,,,,,
3,787.13,3.8,5.4,,,,,,
6,1567.18,3.7,5.7,,,,,,
9,2214.61,3.9,6.5,,,,,,
12,2779.53,4.2,7.1,,,,,,
15,3223.95,4.5,7.9,,,,,,
18,3586.05,4.8,8.9,,,,,,
21,3879.59,5.2,9.9,,,,,,
24,4117.69,5.6,10.7,,,,,,
27,4304.15,6.0,12.0,,,,,,
30,4499.17,6.4,12.4,,,,,,
33,4636.41,6.8,13.2,,,,,,
36,4758.70,7.3,14.1,,,,,,
39,4750.88,7.7,17.4,,,,,,
42,4889.79,8.2,16.6,,,,,,
45,4936.38,8.7,18.3,,,,,,
48,4986.85,9.1,19.9,,,,,,
51,4975.42,9.5,22.8,,,,,,
54,4977.65,10.2,24.0,,,,,,
57,5022.60,10.7,26.2,,,,,,
60,5081.95,11.0,26.3,,,,,,
63,5075.54,11.4,30.9,,,,,,
66,5097.20,11.6,30.5,,,,,,
69,5054.56,12.0,33.2,,,,,,
72,5097.48,12.9,35.6,,,,,,
75,5106.19,12.8,37.6,,,,,,
78,5021.62,12.5,61.8,,,,,,
81,5191.68,13.7,41.2,,,,,,
84,4841.36,12.9,65.1,,,,,,
87,5264.32,13.5,39.3,,,,,,
90,4708.65,13.2,75.1,,,,,,
93,5108.70,13.2,47.5,,,,,,
96,5025.94,14.1,64.9,,,,,,
99,5014.03,12.6,70.0,,,,,,
102,5155.65,14.2,57.6,,,,,,
105,5366.46,16.1,46.0,,,,,,
108,4791.58,14.8,79.7,,,,,,
111,5211.16,15.1,62.2,,,,,,
114,5003.39,14.4,77.1,,,,,,
117,4776.74,14.7,94.0,,,,,,
120,4426.23,12.1,98.6,,,,,,
